Feature,Importance
Total_Input_BF,0.21149935984007495
Input_Length,0.17841180112716704
Input_Width,0.16774237024167232
Input_Material_Encoded,0.16666503548663322
Input_Plant_Encoded,0.09948061461913023
Input_Thickness,0.09736909342202713
Input_Specie_Encoded,0.06563937856541507
Input_Grade_Encoded,0.013192346697880053
