Feature,Importance
Input_Width,0.28904697992769
Total_Input_BF,0.21476397011255172
Input_Length,0.19769803335462163
Input_Material_Encoded,0.12090543203782673
Input_Thickness,0.05822842345737112
Input_Plant_Encoded,0.05411537854070255
Input_Specie_Encoded,0.04703656262472352
Input_Grade_Encoded,0.01820521994451271
